[
    {
        "id": "SHFT20251230174940",
        "username": "admin",
        "start_time": "2025-12-30T17:49:40.972418",
        "end_time": "2026-01-01T05:26:57.826785",
        "start_cash": 10.0,
        "end_cash": 10.0,
        "status": "closed",
        "notes": "",
        "total_sales": 40.0,
        "cash_sales": 0,
        "card_sales": 10.0,
        "debt_sales": 12.5
    },
    {
        "id": "SHFT20260101055901",
        "username": "admin",
        "start_time": "2026-01-01T05:59:01.486413",
        "end_time": "2026-01-01T06:36:32.613225",
        "start_cash": 10.0,
        "end_cash": 10.0,
        "status": "closed",
        "notes": "",
        "total_sales": 0,
        "cash_sales": 0,
        "card_sales": 0,
        "debt_sales": 0
    },
    {
        "id": "SHFT20260101174629",
        "username": "admin",
        "start_time": "2026-01-01T17:46:29.911608",
        "end_time": null,
        "start_cash": 10.0,
        "end_cash": 0,
        "status": "open"
    },
    {
        "id": "SHFT20260101174728",
        "username": "kh",
        "start_time": "2026-01-01T17:47:28.351602",
        "end_time": null,
        "start_cash": 10.0,
        "end_cash": 0,
        "status": "open"
    }
]