[
    {
        "id": "20251230175142",
        "timestamp": "2025-12-30T17:51:42.634190",
        "items": [
            {
                "product_id": "20251230175116",
                "name": "مالبورو احمر",
                "quantity": 1,
                "price": 2.5,
                "total": 2.5
            }
        ],
        "total_amount": 2.5,
        "payment_method": "Cash",
        "shift_id": "SHFT20251230174940",
        "customer_id": null
    },
    {
        "id": "20251230175222",
        "timestamp": "2025-12-30T17:52:22.036262",
        "items": [
            {
                "product_id": "20251230175116",
                "name": "مالبورو احمر",
                "quantity": 1,
                "price": 2.5,
                "total": 2.5
            }
        ],
        "total_amount": 2.5,
        "payment_method": "Debt",
        "shift_id": "SHFT20251230174940",
        "customer_id": "CUST20251230175215"
    },
    {
        "id": "20251230175236",
        "timestamp": "2025-12-30T17:52:36.615279",
        "items": [
            {
                "product_id": "20251230175116",
                "name": "مالبورو احمر",
                "quantity": 2,
                "price": 2.5,
                "total": 5.0
            }
        ],
        "total_amount": 5.0,
        "payment_method": "Debt",
        "shift_id": "SHFT20251230174940",
        "customer_id": "CUST20251230175215"
    },
    {
        "id": "20251230193724",
        "timestamp": "2025-12-30T19:37:24.348411",
        "items": [
            {
                "product_id": "20251230175116",
                "name": "مالبورو احمر",
                "quantity": 2,
                "price": 2.5,
                "total": 5.0
            }
        ],
        "total_amount": 5.0,
        "payment_method": "Cash",
        "shift_id": "SHFT20251230174940",
        "customer_id": null
    }
]